Time,ZONE_0:EXTREME WINTER WEATHER PERIOD FOR DESIGN:Des Heat Load [W],ZONE_0:EXTREME SUMMER WEATHER PERIOD FOR DESIGN:Des Sens Cool Load [W],ZONE_0:EXTREME WINTER WEATHER PERIOD FOR DESIGN:Des Heat Mass Flow [kg/s],ZONE_0:EXTREME SUMMER WEATHER PERIOD FOR DESIGN:Des Cool Mass Flow [kg/s],ZONE_0::Des Latent Heat Load [W],ZONE_0::Des Latent Cool Load [W],ZONE_0::Des Latent Heat Mass Flow [kg/s],ZONE_0::Des Latent Cool Mass Flow [kg/s],ZONE_0::Des Heat Load No DOAS [W],ZONE_0::Des Sens Cool Load No DOAS [W],ZONE_0::Des Latent Heat Load No DOAS [W],ZONE_0::Des Latent Cool Load No DOAS [W],ZONE_0:EXTREME WINTER WEATHER PERIOD FOR DESIGN:Heating Zone Temperature [C],ZONE_0:EXTREME WINTER WEATHER PERIOD FOR DESIGN:Heating Zone Relative Humidity [%],ZONE_0:EXTREME SUMMER WEATHER PERIOD FOR DESIGN:Cooling Zone Temperature [C],ZONE_0:EXTREME SUMMER WEATHER PERIOD FOR DESIGN:Cooling Zone Relative Humidity [%]
00:06:00,0.000000E+00,3.556494E+02,0.000000E+00,4.352006E-02,0.000000E+00,0.000000E+00,0.000000E+00,0.000000E+00,0.000000E+00,0.000000E+00,0.000000E+00,0.000000E+00,2.453187E+01,4.501440E+01,2.599952E+01,4.890227E+01
00:12:00,0.000000E+00,3.520132E+02,0.000000E+00,4.307511E-02,0.000000E+00,0.000000E+00,0.000000E+00,0.000000E+00,0.000000E+00,0.000000E+00,0.000000E+00,0.000000E+00,2.451247E+01,4.511913E+01,2.599952E+01,4.896860E+01
00:18:00,0.000000E+00,3.482059E+02,0.000000E+00,4.260922E-02,0.000000E+00,0.000000E+00,0.000000E+00,0.000000E+00,0.000000E+00,0.000000E+00,0.000000E+00,0.000000E+00,2.449344E+01,4.522111E+01,2.599952E+01,4.902957E+01
00:24:00,0.000000E+00,3.442213E+02,0.000000E+00,4.212164E-02,0.000000E+00,0.000000E+00,0.000000E+00,0.000000E+00,0.000000E+00,0.000000E+00,0.000000E+00,0.000000E+00,2.447468E+01,4.532056E+01,2.599952E+01,4.908502E+01
00:30:00,0.000000E+00,3.400513E+02,0.000000E+00,4.161137E-02,0.000000E+00,0.000000E+00,0.000000E+00,0.000000E+00,0.000000E+00,0.000000E+00,0.000000E+00,0.000000E+00,2.445614E+01,4.541766E+01,2.599953E+01,4.913535E+01
00:36:00,0.000000E+00,3.356989E+02,0.000000E+00,4.107877E-02,0.000000E+00,0.000000E+00,0.000000E+00,0.000000E+00,0.000000E+00,0.000000E+00,0.000000E+00,0.000000E+00,2.443778E+01,4.551255E+01,2.599953E+01,4.918105E+01
00:42:00,0.000000E+00,3.311567E+02,0.000000E+00,4.052295E-02,0.000000E+00,0.000000E+00,0.000000E+00,0.000000E+00,0.000000E+00,0.000000E+00,0.000000E+00,0.000000E+00,2.441956E+01,4.560533E+01,2.599954E+01,4.922257E+01
00:48:00,0.000000E+00,3.264288E+02,0.000000E+00,3.994439E-02,0.000000E+00,0.000000E+00,0.000000E+00,0.000000E+00,0.000000E+00,0.000000E+00,0.000000E+00,0.000000E+00,2.440145E+01,4.569608E+01,2.599954E+01,4.926027E+01
00:54:00,0.000000E+00,3.215097E+02,0.000000E+00,3.934245E-02,0.000000E+00,0.000000E+00,0.000000E+00,0.000000E+00,0.000000E+00,0.000000E+00,0.000000E+00,0.000000E+00,2.438346E+01,4.578487E+01,2.599954E+01,4.929445E+01
01:00:00,0.000000E+00,3.164059E+02,0.000000E+00,3.871789E-02,0.000000E+00,0.000000E+00,0.000000E+00,0.000000E+00,0.000000E+00,0.000000E+00,0.000000E+00,0.000000E+00,2.436555E+01,4.587175E+01,2.599955E+01,4.932540E+01
01:06:00,0.000000E+00,3.115551E+02,0.000000E+00,3.812430E-02,0.000000E+00,0.000000E+00,0.000000E+00,0.000000E+00,0.000000E+00,0.000000E+00,0.000000E+00,0.000000E+00,2.434771E+01,4.595679E+01,2.599955E+01,4.935334E+01
01:12:00,0.000000E+00,3.069642E+02,0.000000E+00,3.756250E-02,0.000000E+00,0.000000E+00,0.000000E+00,0.000000E+00,0.000000E+00,0.000000E+00,0.000000E+00,0.000000E+00,2.433001E+01,4.604015E+01,2.599956E+01,4.938179E+01
01:18:00,0.000000E+00,3.026395E+02,0.000000E+00,3.703328E-02,0.000000E+00,0.000000E+00,0.000000E+00,0.000000E+00,0.000000E+00,0.000000E+00,0.000000E+00,0.000000E+00,2.431246E+01,4.612200E+01,2.599956E+01,4.941283E+01
01:24:00,0.000000E+00,2.985834E+02,0.000000E+00,3.653692E-02,0.000000E+00,0.000000E+00,0.000000E+00,0.000000E+00,0.000000E+00,0.000000E+00,0.000000E+00,0.000000E+00,2.429504E+01,4.620247E+01,2.599956E+01,4.944706E+01
01:30:00,0.000000E+00,2.947991E+02,0.000000E+00,3.607383E-02,0.000000E+00,0.000000E+00,0.000000E+00,0.000000E+00,0.000000E+00,0.000000E+00,0.000000E+00,0.000000E+00,2.427774E+01,4.628164E+01,2.599956E+01,4.948438E+01
01:36:00,0.000000E+00,2.912890E+02,0.000000E+00,3.564429E-02,0.000000E+00,0.000000E+00,0.000000E+00,0.000000E+00,0.000000E+00,0.000000E+00,0.000000E+00,0.000000E+00,2.426051E+01,4.635959E+01,2.599956E+01,4.952454E+01
01:42:00,0.000000E+00,2.880552E+02,0.000000E+00,3.524857E-02,0.000000E+00,0.000000E+00,0.000000E+00,0.000000E+00,0.000000E+00,0.000000E+00,0.000000E+00,0.000000E+00,2.424336E+01,4.643636E+01,2.599956E+01,4.956732E+01
01:48:00,0.000000E+00,2.850993E+02,0.000000E+00,3.488685E-02,0.000000E+00,0.000000E+00,0.000000E+00,0.000000E+00,0.000000E+00,0.000000E+00,0.000000E+00,0.000000E+00,2.422627E+01,4.651198E+01,2.599956E+01,4.961257E+01
01:54:00,0.000000E+00,2.824219E+02,0.000000E+00,3.455922E-02,0.000000E+00,0.000000E+00,0.000000E+00,0.000000E+00,0.000000E+00,0.000000E+00,0.000000E+00,0.000000E+00,2.420922E+01,4.658649E+01,2.599957E+01,4.966017E+01
02:00:00,0.000000E+00,2.800219E+02,0.000000E+00,3.426553E-02,0.000000E+00,0.000000E+00,0.000000E+00,0.000000E+00,0.000000E+00,0.000000E+00,0.000000E+00,0.000000E+00,2.419222E+01,4.665991E+01,2.599957E+01,4.971001E+01
02:06:00,0.000000E+00,2.776554E+02,0.000000E+00,3.397595E-02,0.000000E+00,0.000000E+00,0.000000E+00,0.000000E+00,0.000000E+00,0.000000E+00,0.000000E+00,0.000000E+00,2.417527E+01,4.673225E+01,2.599957E+01,4.976200E+01
02:12:00,0.000000E+00,2.753207E+02,0.000000E+00,3.369025E-02,0.000000E+00,0.000000E+00,0.000000E+00,0.000000E+00,0.000000E+00,0.000000E+00,0.000000E+00,0.000000E+00,2.415830E+01,4.680338E+01,2.599957E+01,4.981581E+01
02:18:00,0.000000E+00,2.730146E+02,0.000000E+00,3.340805E-02,0.000000E+00,0.000000E+00,0.000000E+00,0.000000E+00,0.000000E+00,0.000000E+00,0.000000E+00,0.000000E+00,2.414129E+01,4.687318E+01,2.599957E+01,4.987119E+01
02:24:00,0.000000E+00,2.707370E+02,0.000000E+00,3.312935E-02,0.000000E+00,0.000000E+00,0.000000E+00,0.000000E+00,0.000000E+00,0.000000E+00,0.000000E+00,0.000000E+00,2.412424E+01,4.694155E+01,2.599957E+01,4.992804E+01
02:30:00,0.000000E+00,2.684870E+02,0.000000E+00,3.285402E-02,0.000000E+00,0.000000E+00,0.000000E+00,0.000000E+00,0.000000E+00,0.000000E+00,0.000000E+00,0.000000E+00,2.410718E+01,4.700849E+01,2.599957E+01,4.998629E+01
02:36:00,0.000000E+00,2.662641E+02,0.000000E+00,3.258201E-02,0.000000E+00,0.000000E+00,0.000000E+00,0.000000E+00,0.000000E+00,0.000000E+00,0.000000E+00,0.000000E+00,2.409012E+01,4.707396E+01,2.599957E+01,5.004591E+01
02:42:00,0.000000E+00,2.640677E+02,0.000000E+00,3.231324E-02,0.000000E+00,0.000000E+00,0.000000E+00,0.000000E+00,0.000000E+00,0.000000E+00,0.000000E+00,0.000000E+00,2.407305E+01,4.713797E+01,2.599957E+01,5.010685E+01
02:48:00,0.000000E+00,2.618973E+02,0.000000E+00,3.204766E-02,0.000000E+00,0.000000E+00,0.000000E+00,0.000000E+00,0.000000E+00,0.000000E+00,0.000000E+00,0.000000E+00,2.405600E+01,4.720053E+01,2.599957E+01,5.016908E+01
02:54:00,0.000000E+00,2.597526E+02,0.000000E+00,3.178521E-02,0.000000E+00,0.000000E+00,0.000000E+00,0.000000E+00,0.000000E+00,0.000000E+00,0.000000E+00,0.000000E+00,2.403894E+01,4.726164E+01,2.599957E+01,5.023256E+01
03:00:00,0.000000E+00,2.576334E+02,0.000000E+00,3.152589E-02,0.000000E+00,0.000000E+00,0.000000E+00,0.000000E+00,0.000000E+00,0.000000E+00,0.000000E+00,0.000000E+00,2.402190E+01,4.732133E+01,2.599957E+01,5.029726E+01
03:06:00,0.000000E+00,2.555215E+02,0.000000E+00,3.126746E-02,0.000000E+00,0.000000E+00,0.000000E+00,0.000000E+00,0.000000E+00,0.000000E+00,0.000000E+00,0.000000E+00,2.400486E+01,4.737961E+01,2.599957E+01,5.036315E+01
03:12:00,0.000000E+00,2.534162E+02,0.000000E+00,3.100984E-02,0.000000E+00,0.000000E+00,0.000000E+00,0.000000E+00,0.000000E+00,0.000000E+00,0.000000E+00,0.000000E+00,2.398783E+01,4.743650E+01,2.599957E+01,5.043003E+01
03:18:00,0.000000E+00,2.513169E+02,0.000000E+00,3.075296E-02,0.000000E+00,0.000000E+00,0.000000E+00,0.000000E+00,0.000000E+00,0.000000E+00,0.000000E+00,0.000000E+00,2.397080E+01,4.749201E+01,2.599957E+01,5.049781E+01
03:24:00,0.000000E+00,2.492233E+02,0.000000E+00,3.049676E-02,0.000000E+00,0.000000E+00,0.000000E+00,0.000000E+00,0.000000E+00,0.000000E+00,0.000000E+00,0.000000E+00,2.395377E+01,4.754616E+01,2.599957E+01,5.056643E+01
03:30:00,0.000000E+00,2.471348E+02,0.000000E+00,3.024120E-02,0.000000E+00,0.000000E+00,0.000000E+00,0.000000E+00,0.000000E+00,0.000000E+00,0.000000E+00,0.000000E+00,2.393675E+01,4.759897E+01,2.599957E+01,5.063588E+01
03:36:00,0.000000E+00,2.450510E+02,0.000000E+00,2.998622E-02,0.000000E+00,0.000000E+00,0.000000E+00,0.000000E+00,0.000000E+00,0.000000E+00,0.000000E+00,0.000000E+00,2.391972E+01,4.765046E+01,2.599957E+01,5.070616E+01
03:42:00,0.000000E+00,2.429718E+02,0.000000E+00,2.973179E-02,0.000000E+00,0.000000E+00,0.000000E+00,0.000000E+00,0.000000E+00,0.000000E+00,0.000000E+00,0.000000E+00,2.390270E+01,4.770063E+01,2.599957E+01,5.077727E+01
03:48:00,0.000000E+00,2.408967E+02,0.000000E+00,2.947786E-02,0.000000E+00,0.000000E+00,0.000000E+00,0.000000E+00,0.000000E+00,0.000000E+00,0.000000E+00,0.000000E+00,2.388568E+01,4.774950E+01,2.599956E+01,5.084920E+01
03:54:00,0.000000E+00,2.388255E+02,0.000000E+00,2.922442E-02,0.000000E+00,0.000000E+00,0.000000E+00,0.000000E+00,0.000000E+00,0.000000E+00,0.000000E+00,0.000000E+00,2.386865E+01,4.779710E+01,2.599956E+01,5.092194E+01
04:00:00,0.000000E+00,2.367581E+02,0.000000E+00,2.897144E-02,0.000000E+00,0.000000E+00,0.000000E+00,0.000000E+00,0.000000E+00,0.000000E+00,0.000000E+00,0.000000E+00,2.385162E+01,4.784343E+01,2.599956E+01,5.099549E+01
04:06:00,0.000000E+00,2.346843E+02,0.000000E+00,2.871768E-02,0.000000E+00,0.000000E+00,0.000000E+00,0.000000E+00,0.000000E+00,0.000000E+00,0.000000E+00,0.000000E+00,2.383459E+01,4.788852E+01,2.599956E+01,5.106985E+01
04:12:00,0.000000E+00,2.326030E+02,0.000000E+00,2.846299E-02,0.000000E+00,0.000000E+00,0.000000E+00,0.000000E+00,0.000000E+00,0.000000E+00,0.000000E+00,0.000000E+00,2.381762E+01,4.793249E+01,2.599956E+01,5.114430E+01
04:18:00,0.000000E+00,2.305140E+02,0.000000E+00,2.820737E-02,0.000000E+00,0.000000E+00,0.000000E+00,0.000000E+00,0.000000E+00,0.000000E+00,0.000000E+00,0.000000E+00,2.380074E+01,4.797546E+01,2.599956E+01,5.121844E+01
04:24:00,0.000000E+00,2.284169E+02,0.000000E+00,2.795075E-02,0.000000E+00,0.000000E+00,0.000000E+00,0.000000E+00,0.000000E+00,0.000000E+00,0.000000E+00,0.000000E+00,2.378393E+01,4.801755E+01,2.599957E+01,5.129214E+01
04:30:00,0.000000E+00,2.263114E+02,0.000000E+00,2.769311E-02,0.000000E+00,0.000000E+00,0.000000E+00,0.000000E+00,0.000000E+00,0.000000E+00,0.000000E+00,0.000000E+00,2.376718E+01,4.805883E+01,2.599957E+01,5.136546E+01
04:36:00,0.000000E+00,2.241975E+02,0.000000E+00,2.743444E-02,0.000000E+00,0.000000E+00,0.000000E+00,0.000000E+00,0.000000E+00,0.000000E+00,0.000000E+00,0.000000E+00,2.375046E+01,4.809936E+01,2.599957E+01,5.143846E+01
04:42:00,0.000000E+00,2.220749E+02,0.000000E+00,2.717470E-02,0.000000E+00,0.000000E+00,0.000000E+00,0.000000E+00,0.000000E+00,0.000000E+00,0.000000E+00,0.000000E+00,2.373376E+01,4.813918E+01,2.599957E+01,5.151122E+01
04:48:00,0.000000E+00,2.199435E+02,0.000000E+00,2.691388E-02,0.000000E+00,0.000000E+00,0.000000E+00,0.000000E+00,0.000000E+00,0.000000E+00,0.000000E+00,0.000000E+00,2.371707E+01,4.817832E+01,2.599957E+01,5.158378E+01
04:54:00,0.000000E+00,2.178031E+02,0.000000E+00,2.665197E-02,0.000000E+00,0.000000E+00,0.000000E+00,0.000000E+00,0.000000E+00,0.000000E+00,0.000000E+00,0.000000E+00,2.370040E+01,4.821678E+01,2.599957E+01,5.165618E+01
05:00:00,0.000000E+00,2.156539E+02,0.000000E+00,2.638897E-02,0.000000E+00,0.000000E+00,0.000000E+00,0.000000E+00,0.000000E+00,0.000000E+00,0.000000E+00,0.000000E+00,2.368373E+01,4.825459E+01,2.599957E+01,5.172846E+01
05:06:00,0.000000E+00,2.135427E+02,0.000000E+00,2.613063E-02,0.000000E+00,0.000000E+00,0.000000E+00,0.000000E+00,0.000000E+00,0.000000E+00,0.000000E+00,0.000000E+00,2.366706E+01,4.829176E+01,2.599957E+01,5.180066E+01
05:12:00,0.000000E+00,2.114717E+02,0.000000E+00,2.587721E-02,0.000000E+00,0.000000E+00,0.000000E+00,0.000000E+00,0.000000E+00,0.000000E+00,0.000000E+00,0.000000E+00,2.365033E+01,4.832819E+01,2.599957E+01,5.187283E+01
05:18:00,0.000000E+00,2.094490E+02,0.000000E+00,2.562969E-02,0.000000E+00,0.000000E+00,0.000000E+00,0.000000E+00,0.000000E+00,0.000000E+00,0.000000E+00,0.000000E+00,2.363351E+01,4.836376E+01,2.599957E+01,5.194497E+01
05:24:00,0.000000E+00,2.074737E+02,0.000000E+00,2.538797E-02,0.000000E+00,0.000000E+00,0.000000E+00,0.000000E+00,0.000000E+00,0.000000E+00,0.000000E+00,0.000000E+00,2.361661E+01,4.839840E+01,2.599957E+01,5.201707E+01
05:30:00,0.000000E+00,2.056794E+02,0.000000E+00,2.516842E-02,0.000000E+00,0.000000E+00,0.000000E+00,0.000000E+00,0.000000E+00,0.000000E+00,0.000000E+00,0.000000E+00,2.359965E+01,4.843206E+01,2.599957E+01,5.208910E+01
05:36:00,0.000000E+00,2.040689E+02,0.000000E+00,2.497134E-02,0.000000E+00,0.000000E+00,0.000000E+00,0.000000E+00,0.000000E+00,0.000000E+00,0.000000E+00,0.000000E+00,2.358265E+01,4.846470E+01,2.599957E+01,5.216001E+01
05:42:00,0.000000E+00,2.026484E+02,0.000000E+00,2.479753E-02,0.000000E+00,0.000000E+00,0.000000E+00,0.000000E+00,0.000000E+00,0.000000E+00,0.000000E+00,0.000000E+00,2.356562E+01,4.849630E+01,2.599956E+01,5.222912E+01
05:48:00,0.000000E+00,2.014431E+02,0.000000E+00,2.465003E-02,0.000000E+00,0.000000E+00,0.000000E+00,0.000000E+00,0.000000E+00,0.000000E+00,0.000000E+00,0.000000E+00,2.354856E+01,4.852687E+01,2.599956E+01,5.229620E+01
05:54:00,0.000000E+00,2.004605E+02,0.000000E+00,2.452980E-02,0.000000E+00,0.000000E+00,0.000000E+00,0.000000E+00,0.000000E+00,0.000000E+00,0.000000E+00,0.000000E+00,2.353148E+01,4.855641E+01,2.599956E+01,5.236105E+01
06:00:00,0.000000E+00,1.997590E+02,0.000000E+00,2.444397E-02,0.000000E+00,0.000000E+00,0.000000E+00,0.000000E+00,0.000000E+00,0.000000E+00,0.000000E+00,0.000000E+00,2.351438E+01,4.858491E+01,2.599956E+01,5.242355E+01
06:06:00,0.000000E+00,2.097661E+02,0.000000E+00,2.566851E-02,0.000000E+00,0.000000E+00,0.000000E+00,0.000000E+00,0.000000E+00,0.000000E+00,0.000000E+00,0.000000E+00,2.349726E+01,4.861239E+01,2.599955E+01,5.248324E+01
06:12:00,0.000000E+00,2.204390E+02,0.000000E+00,2.697464E-02,0.000000E+00,0.000000E+00,0.000000E+00,0.000000E+00,0.000000E+00,0.000000E+00,0.000000E+00,0.000000E+00,2.353990E+01,4.844034E+01,2.599932E+01,5.242871E+01
06:18:00,0.000000E+00,2.316780E+02,0.000000E+00,2.835005E-02,0.000000E+00,0.000000E+00,0.000000E+00,0.000000E+00,0.000000E+00,0.000000E+00,0.000000E+00,0.000000E+00,2.360790E+01,4.818003E+01,2.599930E+01,5.230087E+01
06:24:00,0.000000E+00,2.434214E+02,0.000000E+00,2.978719E-02,0.000000E+00,0.000000E+00,0.000000E+00,0.000000E+00,0.000000E+00,0.000000E+00,0.000000E+00,0.000000E+00,2.366856E+01,4.793747E+01,2.599931E+01,5.214934E+01
06:30:00,0.000000E+00,2.555285E+02,0.000000E+00,3.126882E-02,0.000000E+00,0.000000E+00,0.000000E+00,0.000000E+00,0.000000E+00,0.000000E+00,0.000000E+00,0.000000E+00,2.371049E+01,4.775005E+01,2.599931E+01,5.199818E+01
06:36:00,0.000000E+00,2.679987E+02,0.000000E+00,3.279490E-02,0.000000E+00,0.000000E+00,0.000000E+00,0.000000E+00,0.000000E+00,0.000000E+00,0.000000E+00,0.000000E+00,2.373579E+01,4.761202E+01,2.599931E+01,5.185371E+01
06:42:00,0.000000E+00,2.808250E+02,0.000000E+00,3.436454E-02,0.000000E+00,0.000000E+00,0.000000E+00,0.000000E+00,0.000000E+00,0.000000E+00,0.000000E+00,0.000000E+00,2.375003E+01,4.750667E+01,2.599932E+01,5.171542E+01
06:48:00,0.000000E+00,2.939797E+02,0.000000E+00,3.597437E-02,0.000000E+00,0.000000E+00,0.000000E+00,0.000000E+00,0.000000E+00,0.000000E+00,0.000000E+00,0.000000E+00,2.375767E+01,4.742052E+01,2.599932E+01,5.158172E+01
06:54:00,0.000000E+00,3.073774E+02,0.000000E+00,3.761393E-02,0.000000E+00,0.000000E+00,0.000000E+00,0.000000E+00,0.000000E+00,0.000000E+00,0.000000E+00,0.000000E+00,2.376131E+01,4.734581E+01,2.599932E+01,5.145169E+01
07:00:00,0.000000E+00,3.209905E+02,0.000000E+00,3.927984E-02,0.000000E+00,0.000000E+00,0.000000E+00,0.000000E+00,0.000000E+00,0.000000E+00,0.000000E+00,0.000000E+00,2.376223E+01,4.727863E+01,2.599933E+01,5.132550E+01
07:06:00,0.000000E+00,3.280127E+02,0.000000E+00,4.013926E-02,0.000000E+00,0.000000E+00,0.000000E+00,0.000000E+00,0.000000E+00,0.000000E+00,0.000000E+00,0.000000E+00,2.376115E+01,4.721691E+01,2.599933E+01,5.120312E+01
07:12:00,0.000000E+00,3.349213E+02,0.000000E+00,4.098470E-02,0.000000E+00,0.000000E+00,0.000000E+00,0.000000E+00,0.000000E+00,0.000000E+00,0.000000E+00,0.000000E+00,2.377916E+01,4.707774E+01,2.599927E+01,5.103505E+01
07:18:00,0.000000E+00,3.418196E+02,0.000000E+00,4.182887E-02,0.000000E+00,0.000000E+00,0.000000E+00,0.000000E+00,0.000000E+00,0.000000E+00,0.000000E+00,0.000000E+00,2.380512E+01,4.690257E+01,2.599927E+01,5.084209E+01
07:24:00,0.000000E+00,3.487570E+02,0.000000E+00,4.267782E-02,0.000000E+00,0.000000E+00,0.000000E+00,0.000000E+00,0.000000E+00,0.000000E+00,0.000000E+00,0.000000E+00,2.382839E+01,4.673181E+01,2.599928E+01,5.064712E+01
07:30:00,0.000000E+00,3.557396E+02,0.000000E+00,4.353230E-02,0.000000E+00,0.000000E+00,0.000000E+00,0.000000E+00,0.000000E+00,0.000000E+00,0.000000E+00,0.000000E+00,2.384536E+01,4.658028E+01,2.599929E+01,5.046056E+01
07:36:00,0.000000E+00,3.627591E+02,0.000000E+00,4.439129E-02,0.000000E+00,0.000000E+00,0.000000E+00,0.000000E+00,0.000000E+00,0.000000E+00,0.000000E+00,0.000000E+00,2.385670E+01,4.644704E+01,2.599930E+01,5.028463E+01
07:42:00,0.000000E+00,3.698064E+02,0.000000E+00,4.525368E-02,0.000000E+00,0.000000E+00,0.000000E+00,0.000000E+00,0.000000E+00,0.000000E+00,0.000000E+00,0.000000E+00,2.386419E+01,4.632678E+01,2.599931E+01,5.011856E+01
07:48:00,0.000000E+00,3.768913E+02,0.000000E+00,4.612067E-02,0.000000E+00,0.000000E+00,0.000000E+00,0.000000E+00,0.000000E+00,0.000000E+00,0.000000E+00,0.000000E+00,2.386931E+01,4.621499E+01,2.599932E+01,4.996126E+01
07:54:00,0.000000E+00,3.840904E+02,0.000000E+00,4.700161E-02,0.000000E+00,0.000000E+00,0.000000E+00,0.000000E+00,0.000000E+00,0.000000E+00,0.000000E+00,0.000000E+00,2.387290E+01,4.610901E+01,2.599933E+01,4.981190E+01
08:00:00,0.000000E+00,3.913636E+02,0.000000E+00,4.789164E-02,0.000000E+00,0.000000E+00,0.000000E+00,0.000000E+00,0.000000E+00,0.000000E+00,0.000000E+00,0.000000E+00,2.390802E+01,4.591741E+01,2.599934E+01,4.966990E+01
08:06:00,1.646005E+03,3.539084E+02,2.697144E-01,4.330822E-02,0.000000E+00,0.000000E+00,0.000000E+00,0.000000E+00,0.000000E+00,0.000000E+00,0.000000E+00,0.000000E+00,2.397124E+01,4.565085E+01,2.599935E+01,4.953489E+01
08:12:00,1.646005E+03,3.160795E+02,2.697144E-01,3.867902E-02,0.000000E+00,0.000000E+00,0.000000E+00,0.000000E+00,0.000000E+00,0.000000E+00,0.000000E+00,0.000000E+00,2.121539E+01,3.354608E+01,2.566920E+01,5.560847E+01
08:18:00,1.646005E+03,2.778641E+02,2.697144E-01,3.400255E-02,0.000000E+00,0.000000E+00,0.000000E+00,0.000000E+00,0.000000E+00,0.000000E+00,0.000000E+00,0.000000E+00,2.039226E+01,2.162428E+01,2.541996E+01,6.227184E+01
08:24:00,1.646005E+03,2.392745E+02,2.697144E-01,2.928027E-02,0.000000E+00,0.000000E+00,0.000000E+00,0.000000E+00,0.000000E+00,0.000000E+00,0.000000E+00,0.000000E+00,2.114869E+01,1.619730E+01,2.540430E+01,6.613763E+01
08:30:00,3.190121E+03,2.003106E+02,4.662152E-01,2.451220E-02,0.000000E+00,0.000000E+00,0.000000E+00,0.000000E+00,0.000000E+00,0.000000E+00,0.000000E+00,0.000000E+00,2.223723E+01,1.485325E+01,2.575060E+01,6.618560E+01
08:36:00,3.190121E+03,1.609774E+02,4.662152E-01,1.969896E-02,0.000000E+00,0.000000E+00,0.000000E+00,0.000000E+00,0.000000E+00,0.000000E+00,0.000000E+00,0.000000E+00,2.015406E+01,2.599712E+01,2.588211E+01,6.628191E+01
08:42:00,3.190121E+03,1.329872E+02,4.662152E-01,1.629821E-02,0.000000E+00,0.000000E+00,0.000000E+00,0.000000E+00,0.000000E+00,0.000000E+00,0.000000E+00,0.000000E+00,1.984332E+01,3.250178E+01,2.586502E+01,6.675140E+01
08:48:00,3.190121E+03,1.411911E+02,4.662152E-01,1.730295E-02,0.000000E+00,0.000000E+00,0.000000E+00,0.000000E+00,0.000000E+00,0.000000E+00,0.000000E+00,0.000000E+00,2.091084E+01,3.244887E+01,2.599822E+01,6.618139E+01
08:54:00,4.648969E+03,1.332585E+02,6.499257E-01,1.633318E-02,0.000000E+00,0.000000E+00,0.000000E+00,0.000000E+00,0.000000E+00,0.000000E+00,0.000000E+00,0.000000E+00,2.215528E+01,3.034416E+01,2.599743E+01,6.519629E+01
09:00:00,4.648969E+03,1.292509E+02,6.499257E-01,1.584335E-02,0.000000E+00,0.000000E+00,0.000000E+00,0.000000E+00,0.000000E+00,0.000000E+00,0.000000E+00,0.000000E+00,2.009632E+01,3.100097E+01,2.599830E+01,6.403317E+01
09:06:00,3.002963E+03,1.664661E+02,3.802112E-01,2.039805E-02,0.000000E+00,0.000000E+00,0.000000E+00,0.000000E+00,0.000000E+00,0.000000E+00,0.000000E+00,0.000000E+00,1.981062E+01,2.933281E+01,2.599821E+01,6.289856E+01
09:12:00,3.002963E+03,2.043381E+02,3.802112E-01,2.503309E-02,0.000000E+00,0.000000E+00,0.000000E+00,0.000000E+00,0.000000E+00,0.000000E+00,0.000000E+00,0.000000E+00,2.092005E+01,2.672519E+01,2.599828E+01,6.184230E+01
09:18:00,4.338750E+03,2.428596E+02,5.495917E-01,2.974758E-02,0.000000E+00,0.000000E+00,0.000000E+00,0.000000E+00,0.000000E+00,0.000000E+00,0.000000E+00,0.000000E+00,2.220933E+01,2.471755E+01,2.599834E+01,6.085828E+01
09:24:00,4.338750E+03,2.820848E+02,5.495917E-01,3.454815E-02,0.000000E+00,0.000000E+00,0.000000E+00,0.000000E+00,0.000000E+00,0.000000E+00,0.000000E+00,0.000000E+00,2.005583E+01,2.952917E+01,2.599840E+01,5.993121E+01
09:30:00,2.794635E+03,3.221100E+02,3.530909E-01,3.944661E-02,0.000000E+00,0.000000E+00,0.000000E+00,0.000000E+00,0.000000E+00,0.000000E+00,0.000000E+00,0.000000E+00,1.978078E+01,3.094085E+01,2.599845E+01,5.905096E+01
09:36:00,2.794635E+03,3.629167E+02,3.530909E-01,4.444067E-02,0.000000E+00,0.000000E+00,0.000000E+00,0.000000E+00,0.000000E+00,0.000000E+00,0.000000E+00,0.000000E+00,2.096809E+01,2.911089E+01,2.599850E+01,5.821193E+01
09:42:00,3.989710E+03,3.928084E+02,5.071132E-01,4.807459E-02,0.000000E+00,0.000000E+00,0.000000E+00,0.000000E+00,0.000000E+00,0.000000E+00,0.000000E+00,0.000000E+00,2.233499E+01,2.689549E+01,2.599855E+01,5.741210E+01
09:48:00,3.989710E+03,3.869472E+02,5.071132E-01,4.735699E-02,0.000000E+00,0.000000E+00,0.000000E+00,0.000000E+00,0.000000E+00,0.000000E+00,0.000000E+00,0.000000E+00,2.003523E+01,3.057702E+01,2.599860E+01,5.665056E+01
09:54:00,2.530862E+03,3.976839E+02,3.234028E-01,4.867035E-02,0.000000E+00,0.000000E+00,0.000000E+00,0.000000E+00,0.000000E+00,0.000000E+00,0.000000E+00,0.000000E+00,1.974549E+01,3.090808E+01,2.599865E+01,5.592627E+01
10:00:00,2.530862E+03,4.049842E+02,3.234028E-01,4.956354E-02,0.000000E+00,0.000000E+00,0.000000E+00,0.000000E+00,0.000000E+00,0.000000E+00,0.000000E+00,0.000000E+00,2.101218E+01,2.857274E+01,2.599870E+01,5.523789E+01
10:06:00,3.575858E+03,4.127106E+02,4.604101E-01,5.050880E-02,0.000000E+00,0.000000E+00,0.000000E+00,0.000000E+00,0.000000E+00,0.000000E+00,0.000000E+00,0.000000E+00,2.246519E+01,2.622815E+01,2.599874E+01,5.458401E+01
10:12:00,3.575858E+03,4.206538E+02,4.604101E-01,5.148059E-02,0.000000E+00,0.000000E+00,0.000000E+00,0.000000E+00,0.000000E+00,0.000000E+00,0.000000E+00,0.000000E+00,1.999518E+01,3.077862E+01,2.599879E+01,5.396308E+01
10:18:00,2.240071E+03,4.288354E+02,2.910296E-01,5.248155E-02,0.000000E+00,0.000000E+00,0.000000E+00,0.000000E+00,0.000000E+00,0.000000E+00,0.000000E+00,0.000000E+00,1.968915E+01,3.157688E+01,2.599883E+01,5.337369E+01
10:24:00,2.240071E+03,4.372165E+02,2.910296E-01,5.350694E-02,0.000000E+00,0.000000E+00,0.000000E+00,0.000000E+00,0.000000E+00,0.000000E+00,0.000000E+00,0.000000E+00,2.104854E+01,2.916522E+01,2.599887E+01,5.281450E+01
10:30:00,3.107635E+03,4.457087E+02,4.068594E-01,5.454592E-02,0.000000E+00,0.000000E+00,0.000000E+00,0.000000E+00,0.000000E+00,0.000000E+00,0.000000E+00,0.000000E+00,2.260083E+01,2.662585E+01,2.599891E+01,5.228425E+01
10:36:00,3.107635E+03,4.543045E+02,4.068594E-01,5.559756E-02,0.000000E+00,0.000000E+00,0.000000E+00,0.000000E+00,0.000000E+00,0.000000E+00,0.000000E+00,0.000000E+00,1.992143E+01,3.159269E+01,2.599894E+01,5.178176E+01
10:42:00,1.912560E+03,4.629828E+02,2.528370E-01,5.665931E-02,0.000000E+00,0.000000E+00,0.000000E+00,0.000000E+00,0.000000E+00,0.000000E+00,0.000000E+00,0.000000E+00,1.958932E+01,3.242508E+01,2.599898E+01,5.130613E+01
10:48:00,1.912560E+03,4.717348E+02,2.528370E-01,5.773007E-02,0.000000E+00,0.000000E+00,0.000000E+00,0.000000E+00,0.000000E+00,0.000000E+00,0.000000E+00,0.000000E+00,2.104788E+01,2.975001E+01,2.599902E+01,5.085647E+01
10:54:00,2.612441E+03,4.805247E+02,3.475607E-01,5.880546E-02,0.000000E+00,0.000000E+00,0.000000E+00,0.000000E+00,0.000000E+00,0.000000E+00,0.000000E+00,0.000000E+00,2.270094E+01,2.699109E+01,2.599905E+01,5.043169E+01
11:00:00,2.612441E+03,4.893197E+02,3.475607E-01,5.988149E-02,0.000000E+00,0.000000E+00,0.000000E+00,0.000000E+00,0.000000E+00,0.000000E+00,0.000000E+00,0.000000E+00,1.981871E+01,3.250715E+01,2.599909E+01,5.003072E+01
11:06:00,1.567446E+03,5.042674E+02,2.105534E-01,6.171044E-02,0.000000E+00,0.000000E+00,0.000000E+00,0.000000E+00,0.000000E+00,0.000000E+00,0.000000E+00,0.000000E+00,1.945265E+01,3.348516E+01,2.599912E+01,4.965252E+01
11:12:00,1.567446E+03,5.192186E+02,2.105534E-01,6.353989E-02,0.000000E+00,0.000000E+00,0.000000E+00,0.000000E+00,0.000000E+00,0.000000E+00,0.000000E+00,0.000000E+00,2.103440E+01,3.051975E+01,2.599906E+01,4.928679E+01
11:18:00,2.094641E+03,5.341491E+02,2.831660E-01,6.536682E-02,0.000000E+00,0.000000E+00,0.000000E+00,0.000000E+00,0.000000E+00,0.000000E+00,0.000000E+00,0.000000E+00,2.282766E+01,2.748316E+01,2.599909E+01,4.893797E+01
11:24:00,2.094641E+03,5.490134E+02,2.831660E-01,6.718563E-02,0.000000E+00,0.000000E+00,0.000000E+00,0.000000E+00,0.000000E+00,0.000000E+00,0.000000E+00,0.000000E+00,1.969055E+01,3.367780E+01,2.599913E+01,4.861070E+01
11:30:00,1.227076E+03,5.637907E+02,1.673362E-01,6.899379E-02,0.000000E+00,0.000000E+00,0.000000E+00,0.000000E+00,0.000000E+00,0.000000E+00,0.000000E+00,0.000000E+00,1.929587E+01,3.480110E+01,2.599916E+01,4.830609E+01
11:36:00,1.227076E+03,5.784096E+02,1.673362E-01,7.078255E-02,0.000000E+00,0.000000E+00,0.000000E+00,0.000000E+00,0.000000E+00,0.000000E+00,0.000000E+00,0.000000E+00,2.097331E+01,3.154263E+01,2.599920E+01,4.802318E+01
11:42:00,1.603333E+03,5.928241E+02,2.194013E-01,7.254629E-02,0.000000E+00,0.000000E+00,0.000000E+00,0.000000E+00,0.000000E+00,0.000000E+00,0.000000E+00,0.000000E+00,2.286097E+01,2.823761E+01,2.599923E+01,4.776069E+01
11:48:00,1.603333E+03,6.069777E+02,2.194013E-01,7.427811E-02,0.000000E+00,0.000000E+00,0.000000E+00,0.000000E+00,0.000000E+00,0.000000E+00,0.000000E+00,0.000000E+00,1.953163E+01,3.504995E+01,2.599926E+01,4.751733E+01
11:54:00,9.034518E+02,6.208423E+02,1.246776E-01,7.597456E-02,0.000000E+00,0.000000E+00,0.000000E+00,0.000000E+00,0.000000E+00,0.000000E+00,0.000000E+00,0.000000E+00,1.911191E+01,3.629368E+01,2.599929E+01,4.729180E+01
12:00:00,9.034518E+02,6.344562E+02,1.246776E-01,7.764033E-02,0.000000E+00,0.000000E+00,0.000000E+00,0.000000E+00,0.000000E+00,0.000000E+00,0.000000E+00,0.000000E+00,2.088115E+01,3.270423E+01,2.599932E+01,4.708282E+01
12:06:00,1.138773E+03,6.428761E+02,1.572557E-01,7.867047E-02,0.000000E+00,0.000000E+00,0.000000E+00,0.000000E+00,0.000000E+00,0.000000E+00,0.000000E+00,0.000000E+00,2.286432E+01,2.909873E+01,2.599934E+01,4.688893E+01
12:12:00,1.153534E+03,6.509098E+02,1.586256E-01,7.965328E-02,0.000000E+00,0.000000E+00,0.000000E+00,0.000000E+00,0.000000E+00,0.000000E+00,0.000000E+00,0.000000E+00,1.935487E+01,3.661515E+01,2.599935E+01,4.672915E+01
12:18:00,6.263392E+02,6.585240E+02,8.601305E-02,8.058478E-02,0.000000E+00,0.000000E+00,0.000000E+00,0.000000E+00,0.000000E+00,0.000000E+00,0.000000E+00,0.000000E+00,1.900265E+01,3.774895E+01,2.599937E+01,4.659382E+01
12:24:00,6.263392E+02,6.657108E+02,8.601305E-02,8.146398E-02,0.000000E+00,0.000000E+00,0.000000E+00,0.000000E+00,0.000000E+00,0.000000E+00,0.000000E+00,0.000000E+00,2.088996E+01,3.375906E+01,2.599939E+01,4.647272E+01
12:30:00,7.362242E+02,6.723889E+02,1.014088E-01,8.228094E-02,0.000000E+00,0.000000E+00,0.000000E+00,0.000000E+00,0.000000E+00,0.000000E+00,0.000000E+00,0.000000E+00,2.294918E+01,2.991035E+01,2.599941E+01,4.636063E+01
12:36:00,7.968234E+02,6.788091E+02,1.069425E-01,8.306636E-02,0.000000E+00,0.000000E+00,0.000000E+00,0.000000E+00,0.000000E+00,0.000000E+00,0.000000E+00,0.000000E+00,1.918202E+01,3.827238E+01,2.599942E+01,4.625597E+01
12:42:00,4.205667E+02,6.851644E+02,5.487752E-02,8.384385E-02,0.000000E+00,0.000000E+00,0.000000E+00,0.000000E+00,0.000000E+00,0.000000E+00,0.000000E+00,0.000000E+00,1.900577E+01,3.875809E+01,2.599943E+01,4.615778E+01
12:48:00,4.205667E+02,6.914709E+02,5.487752E-02,8.461538E-02,0.000000E+00,0.000000E+00,0.000000E+00,0.000000E+00,0.000000E+00,0.000000E+00,0.000000E+00,0.000000E+00,2.102965E+01,3.421233E+01,2.599944E+01,4.606506E+01
12:54:00,4.205667E+02,6.977584E+02,5.487752E-02,8.538462E-02,0.000000E+00,0.000000E+00,0.000000E+00,0.000000E+00,0.000000E+00,0.000000E+00,0.000000E+00,0.000000E+00,2.311661E+01,3.021178E+01,2.599945E+01,4.597712E+01
13:00:00,5.264551E+02,7.040005E+02,6.442201E-02,8.614831E-02,0.000000E+00,0.000000E+00,0.000000E+00,0.000000E+00,0.000000E+00,0.000000E+00,0.000000E+00,0.000000E+00,1.904035E+01,3.973751E+01,2.599946E+01,4.589354E+01
13:06:00,2.911338E+02,7.027621E+02,3.184383E-02,8.599662E-02,0.000000E+00,0.000000E+00,0.000000E+00,0.000000E+00,0.000000E+00,0.000000E+00,0.000000E+00,0.000000E+00,1.900327E+01,3.979310E+01,2.599947E+01,4.581393E+01
13:12:00,2.763726E+02,7.014763E+02,3.047398E-02,8.583910E-02,0.000000E+00,0.000000E+00,0.000000E+00,0.000000E+00,0.000000E+00,0.000000E+00,0.000000E+00,0.000000E+00,2.111685E+01,3.480117E+01,2.599953E+01,4.573065E+01
13:18:00,2.763726E+02,7.002004E+02,3.047398E-02,8.568279E-02,0.000000E+00,0.000000E+00,0.000000E+00,0.000000E+00,0.000000E+00,0.000000E+00,0.000000E+00,0.000000E+00,2.318610E+01,3.068541E+01,2.599954E+01,4.564773E+01
13:24:00,3.414693E+02,6.989778E+02,3.645956E-02,8.553303E-02,0.000000E+00,0.000000E+00,0.000000E+00,0.000000E+00,0.000000E+00,0.000000E+00,0.000000E+00,0.000000E+00,1.925628E+01,3.973648E+01,2.599955E+01,4.556862E+01
13:30:00,2.315843E+02,6.978964E+02,2.106384E-02,8.540053E-02,0.000000E+00,0.000000E+00,0.000000E+00,0.000000E+00,0.000000E+00,0.000000E+00,0.000000E+00,0.000000E+00,1.900858E+01,4.039924E+01,2.599956E+01,4.549461E+01
13:36:00,1.709851E+02,6.967542E+02,1.553006E-02,8.526061E-02,0.000000E+00,0.000000E+00,0.000000E+00,0.000000E+00,0.000000E+00,0.000000E+00,0.000000E+00,0.000000E+00,2.101513E+01,3.564789E+01,2.599956E+01,4.542559E+01
13:42:00,1.709851E+02,6.953914E+02,1.553006E-02,8.509370E-02,0.000000E+00,0.000000E+00,0.000000E+00,0.000000E+00,0.000000E+00,0.000000E+00,0.000000E+00,0.000000E+00,2.308782E+01,3.145409E+01,2.599957E+01,4.536112E+01
13:48:00,1.917913E+02,6.938182E+02,1.747376E-02,8.490104E-02,0.000000E+00,0.000000E+00,0.000000E+00,0.000000E+00,0.000000E+00,0.000000E+00,0.000000E+00,0.000000E+00,1.942539E+01,3.985536E+01,2.599958E+01,4.530077E+01
13:54:00,1.917913E+02,6.920307E+02,1.747376E-02,8.468217E-02,0.000000E+00,0.000000E+00,0.000000E+00,0.000000E+00,0.000000E+00,0.000000E+00,0.000000E+00,0.000000E+00,1.900455E+01,4.112190E+01,2.599959E+01,4.524415E+01
14:00:00,8.590288E+01,6.900133E+02,7.929270E-03,8.443516E-02,0.000000E+00,0.000000E+00,0.000000E+00,0.000000E+00,0.000000E+00,0.000000E+00,0.000000E+00,0.000000E+00,2.085800E+01,3.675209E+01,2.599959E+01,4.519093E+01
14:06:00,8.590288E+01,6.925975E+02,7.929270E-03,8.475126E-02,0.000000E+00,0.000000E+00,0.000000E+00,0.000000E+00,0.000000E+00,0.000000E+00,0.000000E+00,0.000000E+00,2.287459E+01,3.257523E+01,2.599960E+01,4.514083E+01
14:12:00,8.689146E+01,6.949405E+02,8.022101E-03,8.503787E-02,0.000000E+00,0.000000E+00,0.000000E+00,0.000000E+00,0.000000E+00,0.000000E+00,0.000000E+00,0.000000E+00,1.947982E+01,4.027242E+01,2.599961E+01,4.507286E+01
14:18:00,8.689146E+01,6.970114E+02,8.022101E-03,8.529118E-02,0.000000E+00,0.000000E+00,0.000000E+00,0.000000E+00,0.000000E+00,0.000000E+00,0.000000E+00,0.000000E+00,1.900025E+01,4.160679E+01,2.599962E+01,4.499696E+01
14:24:00,2.179472E+01,6.987877E+02,2.036527E-03,8.550845E-02,0.000000E+00,0.000000E+00,0.000000E+00,0.000000E+00,0.000000E+00,0.000000E+00,0.000000E+00,0.000000E+00,2.072279E+01,3.746584E+01,2.599963E+01,4.492315E+01
14:30:00,2.179472E+01,7.002583E+02,2.036527E-03,8.568831E-02,0.000000E+00,0.000000E+00,0.000000E+00,0.000000E+00,0.000000E+00,0.000000E+00,0.000000E+00,0.000000E+00,2.264917E+01,3.336557E+01,2.599964E+01,4.485564E+01
14:36:00,3.011060E+01,7.015378E+02,2.812182E-03,8.584478E-02,0.000000E+00,0.000000E+00,0.000000E+00,0.000000E+00,0.000000E+00,0.000000E+00,0.000000E+00,0.000000E+00,1.940891E+01,4.063812E+01,2.599965E+01,4.479490E+01
14:42:00,3.011060E+01,7.026465E+02,2.812182E-03,8.598034E-02,0.000000E+00,0.000000E+00,0.000000E+00,0.000000E+00,0.000000E+00,0.000000E+00,0.000000E+00,0.000000E+00,1.900178E+01,4.159123E+01,2.599966E+01,4.473996E+01
14:48:00,9.304462E+00,7.035755E+02,8.684856E-04,8.609393E-02,0.000000E+00,0.000000E+00,0.000000E+00,0.000000E+00,0.000000E+00,0.000000E+00,0.000000E+00,0.000000E+00,2.067250E+01,3.749341E+01,2.599967E+01,4.468985E+01
14:54:00,9.304462E+00,7.043137E+02,8.684856E-04,8.618416E-02,0.000000E+00,0.000000E+00,0.000000E+00,0.000000E+00,0.000000E+00,0.000000E+00,0.000000E+00,0.000000E+00,2.251791E+01,3.353880E+01,2.599968E+01,4.464388E+01
15:00:00,2.802462E+01,7.048374E+02,2.606351E-03,8.624814E-02,0.000000E+00,0.000000E+00,0.000000E+00,0.000000E+00,0.000000E+00,0.000000E+00,0.000000E+00,0.000000E+00,1.935870E+01,4.068098E+01,2.599968E+01,4.460163E+01
15:06:00,2.802462E+01,7.064687E+02,2.606351E-03,8.644766E-02,0.000000E+00,0.000000E+00,0.000000E+00,0.000000E+00,0.000000E+00,0.000000E+00,0.000000E+00,0.000000E+00,1.900352E+01,4.144324E+01,2.599969E+01,4.456279E+01
15:12:00,2.703604E+01,7.078909E+02,2.513520E-03,8.662160E-02,0.000000E+00,0.000000E+00,0.000000E+00,0.000000E+00,0.000000E+00,0.000000E+00,0.000000E+00,0.000000E+00,2.061852E+01,3.745137E+01,2.599970E+01,4.452874E+01
15:18:00,2.703604E+01,7.090614E+02,2.513520E-03,8.676475E-02,0.000000E+00,0.000000E+00,0.000000E+00,0.000000E+00,0.000000E+00,0.000000E+00,0.000000E+00,0.000000E+00,2.237568E+01,3.366786E+01,2.599970E+01,4.450010E+01
15:24:00,2.703604E+01,7.099395E+02,2.513520E-03,8.687211E-02,0.000000E+00,0.000000E+00,0.000000E+00,0.000000E+00,0.000000E+00,0.000000E+00,0.000000E+00,0.000000E+00,2.353879E+01,3.144878E+01,2.599971E+01,4.447677E+01
15:30:00,2.703604E+01,7.104868E+02,2.513520E-03,8.693902E-02,0.000000E+00,0.000000E+00,0.000000E+00,0.000000E+00,0.000000E+00,0.000000E+00,0.000000E+00,0.000000E+00,2.416208E+01,3.037397E+01,2.599971E+01,4.445833E+01
15:36:00,1.872016E+01,7.105707E+02,1.737865E-03,8.694921E-02,0.000000E+00,0.000000E+00,0.000000E+00,0.000000E+00,0.000000E+00,0.000000E+00,0.000000E+00,0.000000E+00,2.449541E+01,2.985874E+01,2.599971E+01,4.444430E+01
15:42:00,1.872016E+01,7.101494E+02,1.737865E-03,8.689761E-02,0.000000E+00,0.000000E+00,0.000000E+00,0.000000E+00,0.000000E+00,0.000000E+00,0.000000E+00,0.000000E+00,2.471280E+01,2.955886E+01,2.599972E+01,4.443430E+01
15:48:00,1.872016E+01,7.092101E+02,1.737865E-03,8.678262E-02,0.000000E+00,0.000000E+00,0.000000E+00,0.000000E+00,0.000000E+00,0.000000E+00,0.000000E+00,0.000000E+00,2.488922E+01,2.933445E+01,2.599972E+01,4.442798E+01
15:54:00,1.872016E+01,7.077464E+02,1.737865E-03,8.660346E-02,0.000000E+00,0.000000E+00,0.000000E+00,0.000000E+00,0.000000E+00,0.000000E+00,0.000000E+00,0.000000E+00,2.504338E+01,2.915083E+01,2.599972E+01,4.442501E+01
16:00:00,0.000000E+00,7.057688E+02,0.000000E+00,8.636143E-02,0.000000E+00,0.000000E+00,0.000000E+00,0.000000E+00,0.000000E+00,0.000000E+00,0.000000E+00,0.000000E+00,2.517699E+01,2.900417E+01,2.599972E+01,4.442512E+01
16:06:00,0.000000E+00,7.094552E+02,0.000000E+00,8.681247E-02,0.000000E+00,0.000000E+00,0.000000E+00,0.000000E+00,0.000000E+00,0.000000E+00,0.000000E+00,0.000000E+00,2.528591E+01,2.890083E+01,2.599973E+01,4.442804E+01
16:12:00,0.000000E+00,7.127288E+02,0.000000E+00,8.721304E-02,0.000000E+00,0.000000E+00,0.000000E+00,0.000000E+00,0.000000E+00,0.000000E+00,0.000000E+00,0.000000E+00,2.540801E+01,2.879947E+01,2.599970E+01,4.444880E+01
16:18:00,0.000000E+00,7.156008E+02,0.000000E+00,8.756448E-02,0.000000E+00,0.000000E+00,0.000000E+00,0.000000E+00,0.000000E+00,0.000000E+00,0.000000E+00,0.000000E+00,2.552474E+01,2.872224E+01,2.599970E+01,4.448030E+01
16:24:00,0.000000E+00,7.180557E+02,0.000000E+00,8.786488E-02,0.000000E+00,0.000000E+00,0.000000E+00,0.000000E+00,0.000000E+00,0.000000E+00,0.000000E+00,0.000000E+00,2.562011E+01,2.868573E+01,2.599970E+01,4.451524E+01
16:30:00,0.000000E+00,7.201927E+02,0.000000E+00,8.812640E-02,0.000000E+00,0.000000E+00,0.000000E+00,0.000000E+00,0.000000E+00,0.000000E+00,0.000000E+00,0.000000E+00,2.569117E+01,2.868970E+01,2.599969E+01,4.455033E+01
16:36:00,0.000000E+00,7.221092E+02,0.000000E+00,8.836092E-02,0.000000E+00,0.000000E+00,0.000000E+00,0.000000E+00,0.000000E+00,0.000000E+00,0.000000E+00,0.000000E+00,2.574223E+01,2.872532E+01,2.599969E+01,4.458480E+01
16:42:00,0.000000E+00,7.239103E+02,0.000000E+00,8.858136E-02,0.000000E+00,0.000000E+00,0.000000E+00,0.000000E+00,0.000000E+00,0.000000E+00,0.000000E+00,0.000000E+00,2.577778E+01,2.878494E+01,2.599969E+01,4.461874E+01
16:48:00,0.000000E+00,7.257158E+02,0.000000E+00,8.880233E-02,0.000000E+00,0.000000E+00,0.000000E+00,0.000000E+00,0.000000E+00,0.000000E+00,0.000000E+00,0.000000E+00,2.580149E+01,2.886253E+01,2.599968E+01,4.465230E+01
16:54:00,0.000000E+00,7.275445E+02,0.000000E+00,8.902614E-02,0.000000E+00,0.000000E+00,0.000000E+00,0.000000E+00,0.000000E+00,0.000000E+00,0.000000E+00,0.000000E+00,2.581641E+01,2.895299E+01,2.599968E+01,4.468541E+01
17:00:00,0.000000E+00,7.295061E+02,0.000000E+00,8.926622E-02,0.000000E+00,0.000000E+00,0.000000E+00,0.000000E+00,0.000000E+00,0.000000E+00,0.000000E+00,0.000000E+00,2.582534E+01,2.905164E+01,2.599968E+01,4.471809E+01
17:06:00,0.000000E+00,7.267784E+02,0.000000E+00,8.893251E-02,0.000000E+00,0.000000E+00,0.000000E+00,0.000000E+00,0.000000E+00,0.000000E+00,0.000000E+00,0.000000E+00,2.582858E+01,2.915798E+01,2.599967E+01,4.475024E+01
17:12:00,0.000000E+00,7.242375E+02,0.000000E+00,8.862165E-02,0.000000E+00,0.000000E+00,0.000000E+00,0.000000E+00,0.000000E+00,0.000000E+00,0.000000E+00,0.000000E+00,2.583409E+01,2.928364E+01,2.599966E+01,4.480403E+01
17:18:00,0.000000E+00,7.219415E+02,0.000000E+00,8.834074E-02,0.000000E+00,0.000000E+00,0.000000E+00,0.000000E+00,0.000000E+00,0.000000E+00,0.000000E+00,0.000000E+00,2.583743E+01,2.942696E+01,2.599965E+01,4.486967E+01
17:24:00,0.000000E+00,7.199183E+02,0.000000E+00,8.809323E-02,0.000000E+00,0.000000E+00,0.000000E+00,0.000000E+00,0.000000E+00,0.000000E+00,0.000000E+00,0.000000E+00,2.583429E+01,2.958496E+01,2.599965E+01,4.493676E+01
17:30:00,0.000000E+00,7.181621E+02,0.000000E+00,8.787839E-02,0.000000E+00,0.000000E+00,0.000000E+00,0.000000E+00,0.000000E+00,0.000000E+00,0.000000E+00,0.000000E+00,2.582306E+01,2.975560E+01,2.599964E+01,4.500076E+01
17:36:00,0.000000E+00,7.165831E+02,0.000000E+00,8.768525E-02,0.000000E+00,0.000000E+00,0.000000E+00,0.000000E+00,0.000000E+00,0.000000E+00,0.000000E+00,0.000000E+00,2.580423E+01,2.993685E+01,2.599963E+01,4.506082E+01
17:42:00,0.000000E+00,7.150975E+02,0.000000E+00,8.750353E-02,0.000000E+00,0.000000E+00,0.000000E+00,0.000000E+00,0.000000E+00,0.000000E+00,0.000000E+00,0.000000E+00,2.578273E+01,3.012020E+01,2.599962E+01,4.511756E+01
17:48:00,0.000000E+00,7.136172E+02,0.000000E+00,8.732247E-02,0.000000E+00,0.000000E+00,0.000000E+00,0.000000E+00,0.000000E+00,0.000000E+00,0.000000E+00,0.000000E+00,2.576250E+01,3.029889E+01,2.599961E+01,4.517175E+01
17:54:00,0.000000E+00,7.121531E+02,0.000000E+00,8.714340E-02,0.000000E+00,0.000000E+00,0.000000E+00,0.000000E+00,0.000000E+00,0.000000E+00,0.000000E+00,0.000000E+00,2.574482E+01,3.047071E+01,2.599960E+01,4.522390E+01
18:00:00,0.000000E+00,7.106221E+02,0.000000E+00,8.695614E-02,0.000000E+00,0.000000E+00,0.000000E+00,0.000000E+00,0.000000E+00,0.000000E+00,0.000000E+00,0.000000E+00,2.572947E+01,3.063609E+01,2.599960E+01,4.527430E+01
18:06:00,0.000000E+00,7.076815E+02,0.000000E+00,8.659639E-02,0.000000E+00,0.000000E+00,0.000000E+00,0.000000E+00,0.000000E+00,0.000000E+00,0.000000E+00,0.000000E+00,2.571581E+01,3.079618E+01,2.599959E+01,4.532315E+01
18:12:00,0.000000E+00,7.045945E+02,0.000000E+00,8.621874E-02,0.000000E+00,0.000000E+00,0.000000E+00,0.000000E+00,0.000000E+00,0.000000E+00,0.000000E+00,0.000000E+00,2.570351E+01,3.095178E+01,2.599959E+01,4.537082E+01
18:18:00,0.000000E+00,7.013555E+02,0.000000E+00,8.582247E-02,0.000000E+00,0.000000E+00,0.000000E+00,0.000000E+00,0.000000E+00,0.000000E+00,0.000000E+00,0.000000E+00,2.569233E+01,3.110343E+01,2.599958E+01,4.541751E+01
18:24:00,0.000000E+00,6.980038E+02,0.000000E+00,8.541240E-02,0.000000E+00,0.000000E+00,0.000000E+00,0.000000E+00,0.000000E+00,0.000000E+00,0.000000E+00,0.000000E+00,2.568207E+01,3.125159E+01,2.599958E+01,4.546332E+01
18:30:00,0.000000E+00,6.945031E+02,0.000000E+00,8.498411E-02,0.000000E+00,0.000000E+00,0.000000E+00,0.000000E+00,0.000000E+00,0.000000E+00,0.000000E+00,0.000000E+00,2.567251E+01,3.139663E+01,2.599957E+01,4.550830E+01
18:36:00,0.000000E+00,6.909498E+02,0.000000E+00,8.454936E-02,0.000000E+00,0.000000E+00,0.000000E+00,0.000000E+00,0.000000E+00,0.000000E+00,0.000000E+00,0.000000E+00,2.566351E+01,3.153884E+01,2.599957E+01,4.555249E+01
18:42:00,0.000000E+00,6.873722E+02,0.000000E+00,8.411164E-02,0.000000E+00,0.000000E+00,0.000000E+00,0.000000E+00,0.000000E+00,0.000000E+00,0.000000E+00,0.000000E+00,2.565494E+01,3.167847E+01,2.599956E+01,4.559583E+01
18:48:00,0.000000E+00,6.837884E+02,0.000000E+00,8.367315E-02,0.000000E+00,0.000000E+00,0.000000E+00,0.000000E+00,0.000000E+00,0.000000E+00,0.000000E+00,0.000000E+00,2.564670E+01,3.181569E+01,2.599956E+01,4.563830E+01
18:54:00,0.000000E+00,6.802071E+02,0.000000E+00,8.323497E-02,0.000000E+00,0.000000E+00,0.000000E+00,0.000000E+00,0.000000E+00,0.000000E+00,0.000000E+00,0.000000E+00,2.563871E+01,3.195067E+01,2.599955E+01,4.567990E+01
19:00:00,0.000000E+00,6.766329E+02,0.000000E+00,8.279766E-02,0.000000E+00,0.000000E+00,0.000000E+00,0.000000E+00,0.000000E+00,0.000000E+00,0.000000E+00,0.000000E+00,2.563093E+01,3.208351E+01,2.599955E+01,4.572064E+01
19:06:00,0.000000E+00,6.731273E+02,0.000000E+00,8.236874E-02,0.000000E+00,0.000000E+00,0.000000E+00,0.000000E+00,0.000000E+00,0.000000E+00,0.000000E+00,0.000000E+00,2.562330E+01,3.221431E+01,2.599955E+01,4.576054E+01
19:12:00,0.000000E+00,6.696788E+02,0.000000E+00,8.194680E-02,0.000000E+00,0.000000E+00,0.000000E+00,0.000000E+00,0.000000E+00,0.000000E+00,0.000000E+00,0.000000E+00,2.561592E+01,3.234290E+01,2.599954E+01,4.579983E+01
19:18:00,0.000000E+00,6.662827E+02,0.000000E+00,8.153126E-02,0.000000E+00,0.000000E+00,0.000000E+00,0.000000E+00,0.000000E+00,0.000000E+00,0.000000E+00,0.000000E+00,2.560882E+01,3.246923E+01,2.599954E+01,4.583863E+01
19:24:00,0.000000E+00,6.629439E+02,0.000000E+00,8.112275E-02,0.000000E+00,0.000000E+00,0.000000E+00,0.000000E+00,0.000000E+00,0.000000E+00,0.000000E+00,0.000000E+00,2.560195E+01,3.259336E+01,2.599954E+01,4.587698E+01
19:30:00,0.000000E+00,6.596592E+02,0.000000E+00,8.072085E-02,0.000000E+00,0.000000E+00,0.000000E+00,0.000000E+00,0.000000E+00,0.000000E+00,0.000000E+00,0.000000E+00,2.559527E+01,3.271545E+01,2.599953E+01,4.591489E+01
19:36:00,0.000000E+00,6.564302E+02,0.000000E+00,8.032576E-02,0.000000E+00,0.000000E+00,0.000000E+00,0.000000E+00,0.000000E+00,0.000000E+00,0.000000E+00,0.000000E+00,2.558871E+01,3.283560E+01,2.599953E+01,4.595237E+01
19:42:00,0.000000E+00,6.532723E+02,0.000000E+00,7.993938E-02,0.000000E+00,0.000000E+00,0.000000E+00,0.000000E+00,0.000000E+00,0.000000E+00,0.000000E+00,0.000000E+00,2.558223E+01,3.295392E+01,2.599953E+01,4.598930E+01
19:48:00,0.000000E+00,6.501815E+02,0.000000E+00,7.956119E-02,0.000000E+00,0.000000E+00,0.000000E+00,0.000000E+00,0.000000E+00,0.000000E+00,0.000000E+00,0.000000E+00,2.557580E+01,3.307049E+01,2.599952E+01,4.602558E+01
19:54:00,0.000000E+00,6.471589E+02,0.000000E+00,7.919137E-02,0.000000E+00,0.000000E+00,0.000000E+00,0.000000E+00,0.000000E+00,0.000000E+00,0.000000E+00,0.000000E+00,2.556939E+01,3.318537E+01,2.599952E+01,4.606115E+01
20:00:00,0.000000E+00,6.442038E+02,0.000000E+00,7.882979E-02,0.000000E+00,0.000000E+00,0.000000E+00,0.000000E+00,0.000000E+00,0.000000E+00,0.000000E+00,0.000000E+00,2.556298E+01,3.329861E+01,2.599952E+01,4.609600E+01
20:06:00,0.000000E+00,6.364615E+02,0.000000E+00,7.788242E-02,0.000000E+00,0.000000E+00,0.000000E+00,0.000000E+00,0.000000E+00,0.000000E+00,0.000000E+00,0.000000E+00,2.555655E+01,3.341027E+01,2.599951E+01,4.613014E+01
20:12:00,0.000000E+00,6.287715E+02,0.000000E+00,7.694140E-02,0.000000E+00,0.000000E+00,0.000000E+00,0.000000E+00,0.000000E+00,0.000000E+00,0.000000E+00,0.000000E+00,2.552036E+01,3.357952E+01,2.599955E+01,4.617710E+01
20:18:00,0.000000E+00,6.211465E+02,0.000000E+00,7.600834E-02,0.000000E+00,0.000000E+00,0.000000E+00,0.000000E+00,0.000000E+00,0.000000E+00,0.000000E+00,0.000000E+00,2.547105E+01,3.377357E+01,2.599954E+01,4.623067E+01
20:24:00,0.000000E+00,6.135993E+02,0.000000E+00,7.508481E-02,0.000000E+00,0.000000E+00,0.000000E+00,0.000000E+00,0.000000E+00,0.000000E+00,0.000000E+00,0.000000E+00,2.542433E+01,3.396091E+01,2.599954E+01,4.628418E+01
20:30:00,0.000000E+00,6.061346E+02,0.000000E+00,7.417137E-02,0.000000E+00,0.000000E+00,0.000000E+00,0.000000E+00,0.000000E+00,0.000000E+00,0.000000E+00,0.000000E+00,2.538583E+01,3.412995E+01,2.599953E+01,4.633474E+01
20:36:00,0.000000E+00,5.987160E+02,0.000000E+00,7.326357E-02,0.000000E+00,0.000000E+00,0.000000E+00,0.000000E+00,0.000000E+00,0.000000E+00,0.000000E+00,0.000000E+00,2.535519E+01,3.428121E+01,2.599953E+01,4.638186E+01
20:42:00,0.000000E+00,5.913280E+02,0.000000E+00,7.235952E-02,0.000000E+00,0.000000E+00,0.000000E+00,0.000000E+00,0.000000E+00,0.000000E+00,0.000000E+00,0.000000E+00,2.533020E+01,3.441913E+01,2.599953E+01,4.642593E+01
20:48:00,0.000000E+00,5.839651E+02,0.000000E+00,7.145853E-02,0.000000E+00,0.000000E+00,0.000000E+00,0.000000E+00,0.000000E+00,0.000000E+00,0.000000E+00,0.000000E+00,2.530893E+01,3.454766E+01,2.599952E+01,4.646742E+01
20:54:00,0.000000E+00,5.766228E+02,0.000000E+00,7.056007E-02,0.000000E+00,0.000000E+00,0.000000E+00,0.000000E+00,0.000000E+00,0.000000E+00,0.000000E+00,0.000000E+00,2.529008E+01,3.466948E+01,2.599952E+01,4.650666E+01
21:00:00,0.000000E+00,5.693017E+02,0.000000E+00,6.966421E-02,0.000000E+00,0.000000E+00,0.000000E+00,0.000000E+00,0.000000E+00,0.000000E+00,0.000000E+00,0.000000E+00,2.527292E+01,3.478612E+01,2.599952E+01,4.654388E+01
21:06:00,0.000000E+00,5.602336E+02,0.000000E+00,6.855456E-02,0.000000E+00,0.000000E+00,0.000000E+00,0.000000E+00,0.000000E+00,0.000000E+00,0.000000E+00,0.000000E+00,2.525705E+01,3.489844E+01,2.599951E+01,4.657927E+01
21:12:00,0.000000E+00,5.507659E+02,0.000000E+00,6.739600E-02,0.000000E+00,0.000000E+00,0.000000E+00,0.000000E+00,0.000000E+00,0.000000E+00,0.000000E+00,0.000000E+00,2.520343E+01,3.511295E+01,2.599957E+01,4.665895E+01
21:18:00,0.000000E+00,5.410590E+02,0.000000E+00,6.620818E-02,0.000000E+00,0.000000E+00,0.000000E+00,0.000000E+00,0.000000E+00,0.000000E+00,0.000000E+00,0.000000E+00,2.513148E+01,3.538085E+01,2.599957E+01,4.676491E+01
21:24:00,0.000000E+00,5.311529E+02,0.000000E+00,6.499598E-02,0.000000E+00,0.000000E+00,0.000000E+00,0.000000E+00,0.000000E+00,0.000000E+00,0.000000E+00,0.000000E+00,2.506144E+01,3.564932E+01,2.599956E+01,4.687618E+01
21:30:00,0.000000E+00,5.210658E+02,0.000000E+00,6.376163E-02,0.000000E+00,0.000000E+00,0.000000E+00,0.000000E+00,0.000000E+00,0.000000E+00,0.000000E+00,0.000000E+00,2.500352E+01,3.589119E+01,2.599955E+01,4.698292E+01
21:36:00,0.000000E+00,5.108099E+02,0.000000E+00,6.250663E-02,0.000000E+00,0.000000E+00,0.000000E+00,0.000000E+00,0.000000E+00,0.000000E+00,0.000000E+00,0.000000E+00,2.495809E+01,3.610395E+01,2.599954E+01,4.708294E+01
21:42:00,0.000000E+00,5.003949E+02,0.000000E+00,6.123216E-02,0.000000E+00,0.000000E+00,0.000000E+00,0.000000E+00,0.000000E+00,0.000000E+00,0.000000E+00,0.000000E+00,2.492182E+01,3.629465E+01,2.599954E+01,4.717694E+01
21:48:00,0.000000E+00,4.898288E+02,0.000000E+00,5.993920E-02,0.000000E+00,0.000000E+00,0.000000E+00,0.000000E+00,0.000000E+00,0.000000E+00,0.000000E+00,0.000000E+00,2.489138E+01,3.647072E+01,2.599953E+01,4.726598E+01
21:54:00,0.000000E+00,4.791189E+02,0.000000E+00,5.862864E-02,0.000000E+00,0.000000E+00,0.000000E+00,0.000000E+00,0.000000E+00,0.000000E+00,0.000000E+00,0.000000E+00,2.486457E+01,3.663713E+01,2.599953E+01,4.735082E+01
22:00:00,0.000000E+00,4.682716E+02,0.000000E+00,5.730128E-02,0.000000E+00,0.000000E+00,0.000000E+00,0.000000E+00,0.000000E+00,0.000000E+00,0.000000E+00,0.000000E+00,2.484014E+01,3.679668E+01,2.599952E+01,4.743192E+01
22:06:00,0.000000E+00,4.639320E+02,0.000000E+00,5.677025E-02,0.000000E+00,0.000000E+00,0.000000E+00,0.000000E+00,0.000000E+00,0.000000E+00,0.000000E+00,0.000000E+00,2.481740E+01,3.695089E+01,2.599952E+01,4.750961E+01
22:12:00,0.000000E+00,4.599105E+02,0.000000E+00,5.627819E-02,0.000000E+00,0.000000E+00,0.000000E+00,0.000000E+00,0.000000E+00,0.000000E+00,0.000000E+00,0.000000E+00,2.479606E+01,3.710043E+01,2.599951E+01,4.758401E+01
22:18:00,0.000000E+00,4.560464E+02,0.000000E+00,5.580539E-02,0.000000E+00,0.000000E+00,0.000000E+00,0.000000E+00,0.000000E+00,0.000000E+00,0.000000E+00,0.000000E+00,2.477585E+01,3.724589E+01,2.599951E+01,4.765531E+01
22:24:00,0.000000E+00,4.522843E+02,0.000000E+00,5.534506E-02,0.000000E+00,0.000000E+00,0.000000E+00,0.000000E+00,0.000000E+00,0.000000E+00,0.000000E+00,0.000000E+00,2.475651E+01,3.738784E+01,2.599951E+01,4.772373E+01
22:30:00,0.000000E+00,4.486134E+02,0.000000E+00,5.489590E-02,0.000000E+00,0.000000E+00,0.000000E+00,0.000000E+00,0.000000E+00,0.000000E+00,0.000000E+00,0.000000E+00,2.473783E+01,3.752678E+01,2.599950E+01,4.778954E+01
22:36:00,0.000000E+00,4.450150E+02,0.000000E+00,5.445559E-02,0.000000E+00,0.000000E+00,0.000000E+00,0.000000E+00,0.000000E+00,0.000000E+00,0.000000E+00,0.000000E+00,2.471964E+01,3.766308E+01,2.599950E+01,4.785294E+01
22:42:00,0.000000E+00,4.414873E+02,0.000000E+00,5.402395E-02,0.000000E+00,0.000000E+00,0.000000E+00,0.000000E+00,0.000000E+00,0.000000E+00,0.000000E+00,0.000000E+00,2.470183E+01,3.779703E+01,2.599950E+01,4.791419E+01
22:48:00,0.000000E+00,4.380168E+02,0.000000E+00,5.359929E-02,0.000000E+00,0.000000E+00,0.000000E+00,0.000000E+00,0.000000E+00,0.000000E+00,0.000000E+00,0.000000E+00,2.468431E+01,3.792882E+01,2.599950E+01,4.797344E+01
22:54:00,0.000000E+00,4.346046E+02,0.000000E+00,5.318177E-02,0.000000E+00,0.000000E+00,0.000000E+00,0.000000E+00,0.000000E+00,0.000000E+00,0.000000E+00,0.000000E+00,2.466703E+01,3.805860E+01,2.599949E+01,4.803091E+01
23:00:00,0.000000E+00,4.312394E+02,0.000000E+00,5.277000E-02,0.000000E+00,0.000000E+00,0.000000E+00,0.000000E+00,0.000000E+00,0.000000E+00,0.000000E+00,0.000000E+00,2.464994E+01,3.818648E+01,2.599949E+01,4.808673E+01
23:06:00,0.000000E+00,4.240050E+02,0.000000E+00,5.188475E-02,0.000000E+00,0.000000E+00,0.000000E+00,0.000000E+00,0.000000E+00,0.000000E+00,0.000000E+00,0.000000E+00,2.463301E+01,3.831255E+01,2.599949E+01,4.814107E+01
23:12:00,0.000000E+00,4.167743E+02,0.000000E+00,5.099993E-02,0.000000E+00,0.000000E+00,0.000000E+00,0.000000E+00,0.000000E+00,0.000000E+00,0.000000E+00,0.000000E+00,2.459289E+01,3.849062E+01,2.599954E+01,4.821227E+01
23:18:00,0.000000E+00,4.095434E+02,0.000000E+00,5.011509E-02,0.000000E+00,0.000000E+00,0.000000E+00,0.000000E+00,0.000000E+00,0.000000E+00,0.000000E+00,0.000000E+00,2.454361E+01,3.868885E+01,2.599954E+01,4.829345E+01
23:24:00,0.000000E+00,4.023217E+02,0.000000E+00,4.923137E-02,0.000000E+00,0.000000E+00,0.000000E+00,0.000000E+00,0.000000E+00,0.000000E+00,0.000000E+00,0.000000E+00,2.449814E+01,3.887713E+01,2.599953E+01,4.837652E+01
23:30:00,0.000000E+00,3.951063E+02,0.000000E+00,4.834841E-02,0.000000E+00,0.000000E+00,0.000000E+00,0.000000E+00,0.000000E+00,0.000000E+00,0.000000E+00,0.000000E+00,2.446076E+01,3.904529E+01,2.599953E+01,4.845779E+01
23:36:00,0.000000E+00,3.878984E+02,0.000000E+00,4.746638E-02,0.000000E+00,0.000000E+00,0.000000E+00,0.000000E+00,0.000000E+00,0.000000E+00,0.000000E+00,0.000000E+00,2.443040E+01,3.919567E+01,2.599953E+01,4.853647E+01
23:42:00,0.000000E+00,3.806959E+02,0.000000E+00,4.658501E-02,0.000000E+00,0.000000E+00,0.000000E+00,0.000000E+00,0.000000E+00,0.000000E+00,0.000000E+00,0.000000E+00,2.440461E+01,3.933399E+01,2.599953E+01,4.861285E+01
23:48:00,0.000000E+00,3.735001E+02,0.000000E+00,4.570446E-02,0.000000E+00,0.000000E+00,0.000000E+00,0.000000E+00,0.000000E+00,0.000000E+00,0.000000E+00,0.000000E+00,2.438147E+01,3.946479E+01,2.599952E+01,4.868732E+01
23:54:00,0.000000E+00,3.663089E+02,0.000000E+00,4.482447E-02,0.000000E+00,0.000000E+00,0.000000E+00,0.000000E+00,0.000000E+00,0.000000E+00,0.000000E+00,0.000000E+00,2.435988E+01,3.959073E+01,2.599952E+01,4.876022E+01
24:00:00,0.000000E+00,3.591239E+02,0.000000E+00,4.394523E-02,0.000000E+00,0.000000E+00,0.000000E+00,0.000000E+00,0.000000E+00,0.000000E+00,0.000000E+00,0.000000E+00,2.433929E+01,3.971310E+01,2.599952E+01,4.883172E+01
Peak,4.648969E+03,7.295061E+02,6.499257E-01,8.926622E-02,0.000000E+00,0.000000E+00,0.000000E+00,0.000000E+00,0.000000E+00,0.000000E+00,0.000000E+00,0.000000E+00,,,,

Peak Vol Flow (m3/s),,,5.442327E-01,7.474946E-02,,,0.000000E+00,0.000000E+00,,,,,,,,
